{
  "description": "",
  "placeholders": {
    "bgColor": { "type": "text", "preview_content": "bgColor" },
    "logo": { "type": "image", "preview_content": "" },
    "mainCopy": { "type": "text", "preview_content": "mainCopy" },
    "regularPrice": { "type": "text", "preview_content": "regularPrice" },
    "productName": { "type": "text", "preview_content": "productName" },
    "ctaCopy": { "type": "text", "preview_content": "ctaCopy" },
    "productImage": { "type": "image", "preview_content": "" },
    "productUrl": { "type": "click", "preview_content": "" },
    "worldClick": { "type": "click", "preview_content": "" }
  },
  "creation_tool": "Visual Studio Code for Create"
}
