{
  "description": "",
  "placeholders": {
    "headline_frame_1": {
      "type": "text",
      "preview_content": "<span style=\"color: #ffbf9e\" class=\"regular-italic\">lyst til å</span><br>\n<span style=\"color: #fbfbf8\" class=\"regular\">komme deg</span><br>\n<span style=\"color: #ff5959\" class=\"bold\">litt vekk?</span>"
    },
    "headline_frame_2": {
      "type": "text",
      "preview_content": "<span style=\"color: #ff5959\" class=\"regular\">kom deg</span>\n<span style=\"color:  #fbfbf8\" class=\"bold-italic\">enkelt til </span><br>\n<span class=\"cities\">\n<span style=\"color:  #ffbf9e\" class=\"bold\" id=\"location_1\">marka </span>\n<span style=\"color:  #ffbf9e\" class=\"bold\" id=\"location_2\">stad2 </span>\n<span style=\"color:  #ffbf9e\" class=\"bold\" id=\"location_3\">stad3 </span><br>\n</span>\n<span style=\"color:  #ff5959\" class=\"regular\">med entur-appen</span>"
    },
    "headline_frame_3": {
      "type": "text",
      "preview_content": "<span style=\"color:  #ff5959\" class=\"regular-italic\">Hele Norges</span><br>\n<span style=\"color:  #fbfbf8\" class=\"regular\">kollektivtilbud</span><br>\n<span style=\"color:  #ff5959\" class=\"bold\">i en app"
    },
    "img_src": {
      "type": "image",
      "preview_content": "https://assets.lemonpi.io/a/k/b3684078-06b7-4224-a43f-a54120c8ac68/Assets/Assets/img-1.jpg"
    },
    "bg_color": { "type": "text", "preview_content": "#181c56" },
    "logo_src_1": {
      "type": "image",
      "preview_content": "https://assets.lemonpi.io/a/k/051abb4f-f3b1-47e4-bc0c-c71083d229c5/Assets/Assets/Enturlogo_1.png"
    },
    "logo_src_2": {
      "type": "image",
      "preview_content": "https://assets.lemonpi.io/a/k/d1c561b4-7c10-4267-9bb3-2cc7c0ef067e/Assets/Assets/Logo_DNT__fork_T_u-bakgrunn.png"
    },
    "logo_src_3": {
      "type": "image",
      "preview_content": "https://assets.lemonpi.io/a/k/fa780eb5-027c-4106-9b43-c5acf81582cd/Assets/Assets/Entur-APP.png"
    },
    "click_url": { "type": "click", "preview_content": "https://entur.no/" }
  },
  "creation_tool": "Visual Studio Code for Create"
}
