{
  "description": "",
  "placeholders": {
    "bgColor": { "type": "text", "preview_content": "bgColor" },
    "logo": { "type": "image", "preview_content": "" },
    "mainCopy": { "type": "text", "preview_content": "mainCopy" },
    "regularPrice": { "type": "text", "preview_content": "regularPrice" },
    "productName": { "type": "text", "preview_content": "productName" },
    "ctaCopy": { "type": "text", "preview_content": "ctaCopy" },
    "productImage": { "type": "image", "preview_content": "" },
    "productBgColor": { "type": "text", "preview_content": "productBgColor" },
    "productNameColor": {
      "type": "text",
      "preview_content": "productNameColor"
    },
    "productPriceColor": {
      "type": "text",
      "preview_content": "productPriceColor"
    },
    "worldClick": { "type": "click", "preview_content": "" },
    "productPrice": { "type": "text", "preview_content": "productPrice" }
  },
  "creation_tool": "Visual Studio Code for Create"
}
