{
  "description": "",
  "placeholders": {
    "projekt": { "type": "text", "preview_content": "Brf Bronsyxan" },
    "creative_dimension": { "type": "text", "preview_content": "320x400" },
    "ort": { "type": "text", "preview_content": "Eskilstuna" },
    "bgImageCssTopAdjust": { "type": "text", "preview_content": "" },
    "bgImageCssLeftAdjust": { "type": "text", "preview_content": "" },
    "useHouseIcon": { "type": "text", "preview_content": "0" },
    "rubrik": {
      "type": "text",
      "preview_content": "<SPAN STYLE=\"color:#BEDFEC\">Bli</SPAN> nybygge<SPAN STYLE=\"color:#BEDFEC\">förälskad i</SPAN> Eskilstuna"
    },
    "bild": {
      "type": "image",
      "preview_content": "https://assets.lemonpi.io/a/k/cb11949d-1378-4bac-9466-7393066f68d4/Assets/Projektkampanj_Q1_2024/Eskilstuna/Bronsyxan_comp.jpg"
    },
    "rubrik_mindre_format": {
      "type": "text",
      "preview_content": "<SPAN STYLE=\"color: #BEDFEC\">Bli</SPAN> nybygge-<SPAN STYLE=\"color: #BEDFEC\"><br>förälskad</SPAN>"
    },
    "brodtext": {
      "type": "text",
      "preview_content": "Upptäck nya radhus och parhus nära bad, natur och skolor, och centrala lägenheter i varierande storlek i Norra Munktellstaden. "
    },
    "brodtext_mindre_format": {
      "type": "text",
      "preview_content": "Upptäck nya radhus, parhus och lägenheter i Eskilstuna."
    },
    "CTA": { "type": "text", "preview_content": "Hitta bostad" },
    "exit_url": {
      "type": "click",
      "preview_content": "https://obos.se/hitta-bostad/sok-bostad?region=sodermanland?utm_source=SOURCE&utm_medium=banner&utm_campaign=projektkampanj&utm_content=eskilstuna"
    },
    "logo_src": {
      "type": "text",
      "preview_content": "https://assets.lemonpi.io/a/1024/d1a521cdaf1848c786bcc797fed95da8.png"
    },
    "bg_image_source": {
      "type": "text",
      "preview_content": "https://assets.lemonpi.io/a/k/cb11949d-1378-4bac-9466-7393066f68d4/Assets/Projektkampanj_Q1_2024/Eskilstuna/Bronsyxan_comp.jpg"
    }
  },
  "creation_tool": "Visual Studio Code for Create"
}
