{
  "description": "",
  "placeholders": {
    "ctaCopy": { "type": "text", "preview_content": "ctaCopy" },
    "subCopy": { "type": "text", "preview_content": "subCopy" },
    "bgImage": { "type": "image", "preview_content": "" },
    "mainCopy": { "type": "text", "preview_content": "mainCopy" },
    "overCopy": { "type": "text", "preview_content": "overCopy" },
    "worldClick": { "type": "click", "preview_content": "" },
    "copyBeforeCity": { "type": "text", "preview_content": "copyBeforeCity" },
    "logo": { "type": "image", "preview_content": "" },
    "houseImg": { "type": "image", "preview_content": "" }
  },
  "creation_tool": "Visual Studio Code for Create"
}
