{
  "description": "",
  "placeholders": {
    "bgColor": { "type": "text", "preview_content": "bgColor" },
    "productBgColor": { "type": "text", "preview_content": "productBgColor" },
    "productNameColor": {
      "type": "text",
      "preview_content": "productNameColor"
    },
    "productPriceColor": {
      "type": "text",
      "preview_content": "productPriceColor"
    },
    "logo": { "type": "image", "preview_content": "" },
    "worldClick": { "type": "click", "preview_content": "" }
  },
  "creation_tool": "Visual Studio Code for Create"
}
