{
  "description": "",
  "placeholders": {
    "mainText": { "type": "text", "preview_content": "mainText" },
    "imgText": { "type": "text", "preview_content": "imgText" },
    "imagePlaceholder": { "type": "image", "preview_content": "" },
    "click": { "type": "click", "preview_content": "" },
    "whichFont": { "type": "text", "preview_content": "whichFont" },
    "avaiableFonts": { "type": "text", "preview_content": "avaiableFonts" },
    "topValue_imgTxt": { "type": "text", "preview_content": "topValue_imgTxt" },
    "topValue_mainCopy": {
      "type": "text",
      "preview_content": "topValue_mainCopy"
    },
    "lineHeight_mainCopy": {
      "type": "text",
      "preview_content": "lineHeight_mainCopy"
    },
    "topValue_img": { "type": "text", "preview_content": "topValue_img" },
    "publicist": { "type": "text", "preview_content": "publicist" },
    "panelTopValue": { "type": "text", "preview_content": "panelTopValue" }
  },
  "creation_tool": "Visual Studio Code for Create"
}
