{
  "description": "",
  "placeholders": {
    "ctaCopy": { "type": "text", "preview_content": "ctaCopy" },
    "subCopy": { "type": "text", "preview_content": "subCopy" },
    "bgImage": { "type": "image", "preview_content": "" },
    "mainCopy": { "type": "text", "preview_content": "mainCopy" },
    "overCopy": { "type": "text", "preview_content": "overCopy" },
    "worldClick": { "type": "click", "preview_content": "" },
    "copyBeforeCity": { "type": "text", "preview_content": "copyBeforeCity" },
    "logo": { "type": "image", "preview_content": "" },
    "houseImg": { "type": "image", "preview_content": "" },
    "villkor": { "type": "text", "preview_content": "villkor" },
    "bgImageCssTopAdjust": {
      "type": "text",
      "preview_content": "bgImageCssTopAdjust"
    },
    "bgImageCssLeftAdjust": {
      "type": "text",
      "preview_content": "bgImageCssLeftAdjust"
    },
    "includeBrf": { "type": "text", "preview_content": "includeBrf" }
  },
  "creation_tool": "Visual Studio Code for Create"
}
